02-49c5-ad3b-6162cf5c14cc,prod
02-49c5-ad3b-6162cf5c14cc,stage
03-4104-8380-0c23fe4b15f6,prod
03-4104-8380-0c23fe4b15f6,stage
06-4469-9bc1-f75144cd77b0,prod
06-4469-9bc1-f75144cd77b0,stage
06-4761-a544-b32a03036efe,prod
06-4761-a544-b32a03036efe,stage
08-49d6-a36b-b09667a766ff,prod
08-49d6-a36b-b09667a766ff,stage
13-446e-82b5-3890086ebc90,prod
13-446e-82b5-3890086ebc90,stage
15-4845-bdf3-aec8f1766331,prod
15-4845-bdf3-aec8f1766331,stage
19-4e13-bed6-34b99cc90b0d,prod
19-4e13-bed6-34b99cc90b0d,stage
20-4625-a72b-1ef8405aa703,prod
20-4625-a72b-1ef8405aa703,stage
21-41c7-99b7-6c7fd875e0af,prod
21-41c7-99b7-6c7fd875e0af,stage
26-40d1-add1-80b361d2c63f,prod
26-40d1-add1-80b361d2c63f,stage
33-4de9-b57c-c2d2b1e6bcd5,prod
33-4de9-b57c-c2d2b1e6bcd5,stage
39-4fcf-8b99-d42f7bddbbe9,prod
39-4fcf-8b99-d42f7bddbbe9,stage
42-4385-a18a-5557589b4525,prod
42-4385-a18a-5557589b4525,stage
43-43f4-a6df-6d3b3fdc65fd,prod
43-43f4-a6df-6d3b3fdc65fd,stage
4a-4b97-af79-b19a9a067802,prod
4a-4b97-af79-b19a9a067802,stage
4b-47e7-b687-cc53149c196f,prod
4b-47e7-b687-cc53149c196f,stage
52-4678-ad18-6aa07d8eca47,prod
52-4678-ad18-6aa07d8eca47,stage
57-443c-bc70-1b333d057791,prod
57-443c-bc70-1b333d057791,stage
60-4315-baee-8ed34362a966,prod
60-4315-baee-8ed34362a966,stage
68-4cf6-bf58-dafe4a0bd786,prod
68-4cf6-bf58-dafe4a0bd786,stage
6e-4e7c-9e75-daaa07147289,prod
6e-4e7c-9e75-daaa07147289,stage
6f-422c-961e-6f8e2f03fbc4,prod
6f-422c-961e-6f8e2f03fbc4,stage
72-4b3d-b051-4e832aa4a2c0,prod
72-4b3d-b051-4e832aa4a2c0,stage
74-4870-8965-dbc517f5dc81,prod
74-4870-8965-dbc517f5dc81,stage
80-41c7-bda6-d806144b9eea,prod
80-41c7-bda6-d806144b9eea,stage
8e-432e-9d94-7545fbe14c55,prod
8e-432e-9d94-7545fbe14c55,stage
8f-434b-9dbb-7bd80ed55a65,prod
8f-434b-9dbb-7bd80ed55a65,stage
90-44c2-9783-5fc26ca0ec1a,prod
90-44c2-9783-5fc26ca0ec1a,stage
9b-4574-a569-8ae9d83ad035,prod
9b-4574-a569-8ae9d83ad035,stage
9d-437b-9b4f-63802bfc1b39,prod
9d-437b-9b4f-63802bfc1b39,stage
a9-41ac-8c37-b4bda9baf529,prod
a9-41ac-8c37-b4bda9baf529,stage
b5-4262-8a08-dd8e48c1ca2e,prod
b5-4262-8a08-dd8e48c1ca2e,stage
b9-46d7-8a7b-f5a0407230c4,prod
b9-46d7-8a7b-f5a0407230c4,stage
bd-4fb2-849b-359d83975151,prod
bd-4fb2-849b-359d83975151,stage
be-4b7d-9fda-47954923b2c6,prod
be-4b7d-9fda-47954923b2c6,stage
c2-4f78-8357-b2822008eea0,prod
c2-4f78-8357-b2822008eea0,stage
de-42db-9b6a-ba4544756eab,prod
de-42db-9b6a-ba4544756eab,stage
e9-44fc-98ed-c1e859af1ca2,prod
e9-44fc-98ed-c1e859af1ca2,stage
ncr-mt-en-us-qa,prod
ncr-mt-en-us-qa,stage